attribution,source,country
Hospital Clínic de Barcelona,HCB_Barcelona,Spain
"Department of Dermatology, Hospital Clínic de Barcelona",HCB_Barcelona,Spain
Memorial Sloan Kettering Cancer Center,MSKCC,USA
Imperial College London,ImperialCollegeLondon,UK
Hospital Italiano de Buenos Aires,HIBA,Argentina
"Sydney Melanoma Diagnostic Center at Royal Prince Alfred Hospital, Pascale Guitera",SMDC_Sydney,Australia
Sydney Melanoma Diagnostic Center at Royal Prince Alfred Hospital,SMDC_Sydney,Australia
"""Repeated dermoscopic images of melanocytic lesions"" by University Hospital Basel / CC-BY-NC",UHB_Basel,Switzerland
"The University of Queensland Diamantina Institute, The University of Queensland, Dermatology Research Centre",UQ_Brisbane,Australia
"ViDIR Group, Department of Dermatology, Medical University of Vienna",MedUni_Vienna,Austria
"Department of Dermatology, Medical University of Vienna",MedUni_Vienna,Austria
"Department of Dermatology, University of Athens, Andreas Syggros Hospital of Skin and Venereal Diseases, Alexander Stratigos, Konstantinos Liopyris",Athens_Syggros,Greece
